"","address","list_price","bed","bathroom","sq_footage","hunter_mins","stewart_mins","num_acres","HOA_price","price_value","bed_value","bathroom_value","footage_value","hunter_time_value","stewart_time_value","acres_value","HOA_value","value","latitude","longitude","price_category","value_category","value_per_dollar"
"1","13 Platinum Ct, Pooler, GA 31322",239900,4,2,1938,34,47,NA,420,0.100200400801603,0.75,0.5,0.907063197026022,0.46031746031746,0.534246575342466,NA,0.147058823529412,0.526430143055148,32.086021,-81.254494,"high","med",0.000219437325158461
"2","106 Berwick Lakes Blvd, Pooler, GA 31322",165000,3,2,1241,25,43,0.13,0,0.888888888888889,0.5,0.5,0.139275766016713,0.603174603174603,0.657534246575342,0.106382978723404,0.928571428571429,0.558663886049753,32.054699,-81.266693,"med","med",0.000338584173363487
"3","329 Mccumber Dr, Allenhurst, GA 31301",165000,3,2,1659,NA,16,0.5,NA,0.888888888888889,0.5,0.5,0.806949806949807,NA,NA,0.5,NA,0.576737451737452,31.77609,-81.6122,"med","med",0.00034953784953785
"4","47 Oak Rd NE, Ludowici, GA 31316",132000,3,2,1208,NA,20,0.38,NA,0.935897435897436,0.5,0.5,0.127551020408163,NA,NA,0.227272727272727,NA,0.372796846011132,31.78906,-81.64953,"low","low",0.000282421853038736
"5","1586 Longleaf Ct, Hinesville, GA 31313",197500,5,3,2659,NA,17,0.2,0,0.6,0.833333333333333,0.75,0.960285941223193,NA,NA,0.125,0.928571428571429,0.802844197105516,31.8068,-81.61582,"med","high",0.000406503390939502
"6","321 Connor Ct, Hinesville, GA 31313",219900,4,3,2610,NA,11,NA,780,0.167224080267559,0.75,0.75,0.958677685950413,NA,NA,NA,0.0471698113207547,0.580886480586309,31.85368,-81.65265,"high","high",0.000264159381803688
"7","135 Reese Dr, Richmond Hill, GA 31324",195000,3,2,1455,32,34,0.26,0,0.666666666666667,0.5,0.5,0.344827586206897,0.492063492063492,0.561643835616438,0.147058823529412,0.928571428571429,0.543089653153376,31.9199,-81.31561,"med","med",0.000278507514437629
"8","2018 E 50th St, Savannah, GA 31404",190900,3,2,1231,NA,59,0.12,0,0.738219895287958,0.5,0.5,0.13550135501355,NA,NA,0.104166666666667,0.928571428571429,0.514625787491641,32.03679,-81.06775,"med","med",0.000269578725768277
"9","2614 13th St, Garden City, GA 31408",179900,4,1,1566,26,50,0.66,0,0.833887043189369,0.75,0.25,0.698795180722892,0.587301587301587,0.643835616438356,0.807692307692308,0.928571428571429,0.667872786298544,32.09318,-81.17801,"med","high",0.000371246684990853
"10","103 Tanzania Trl, Pooler, GA 31322",239900,3,2,1640,41,53,NA,480,0.100200400801603,0.5,0.5,0.791666666666667,0.349206349206349,0.438356164383562,NA,0.108695652173913,0.418900834107715,32.15418,-81.27521,"high","low",0.000174614770365867
"11","213 Laurelwood Dr, Savannah, GA 31419",179900,4,2,1444,22,40,0.22,0,0.833887043189369,0.75,0.5,0.32051282051282,0.650793650793651,0.698630136986301,0.131578947368421,0.928571428571429,0.639299104902325,32.02608,-81.24558,"med","high",0.000355363593608852
"12","29 Pine Dr, Savannah, GA 31405",174900,3,2,1768,NA,48,0.42,0,0.857549857549858,0.5,0.5,0.864130434782609,NA,NA,0.277777777777778,0.928571428571429,0.662886630277935,32.0482,-81.15186,"med","high",0.000379008936694074
"13","569 Briar Cir, Hinesville, GA 31313",130000,3,2,1412,53,9,0.3,NA,0.9375,0.5,0.5,0.265957446808511,0.158730158730159,0.273972602739726,0.166666666666667,NA,0.310361333561567,31.83425,-81.59543,"low","low",0.000238739487355052
"14","613 Stonebridge Cir, Savannah, GA 31419",250000,4,3,2126,25,43,NA,840,0.0833333333333333,0.75,0.75,0.931129476584022,0.603174603174603,0.657534246575342,NA,0.0423728813559322,0.595569338215311,32.04063,-81.23008,"high","high",0.000238227735286124
"15","303 E Main St, Bloomingdale, GA 31302",170000,3,2,1812,35,49,0.51,0,0.875,0.5,0.5,0.878640776699029,0.444444444444444,0.52054794520548,0.545454545454546,0.928571428571429,0.607103999886728,32.12737,-81.29755,"med","high",0.000357119999933369
"16","291 Shady Oak Cir, Richmond Hill, GA 31324",219900,3,2,1428,30,32,NA,270,0.167224080267559,0.5,0.5,0.290697674418605,0.523809523809524,0.589041095890411,NA,0.6875,0.529779807749796,31.93087,-81.31847,"high","med",0.000240918511937151
"17","12 Mulberry Ct, Savannah, GA 31406",199000,3,2,1287,NA,56,0.21,0,0.545454545454545,0.5,0.5,0.159744408945687,NA,NA,0.128205128205128,0.928571428571429,0.521218930164617,31.99673,-81.0635,"med","med",0.00026191906038423
"18","215 Chapel Lk S, Savannah, GA 31419",239900,4,2,1686,26,44,NA,720,0.100200400801603,0.75,0.5,0.825174825174825,0.587301587301587,0.643835616438356,NA,0.0531914893617021,0.549449253938598,32.04365,-81.23834,"high","med",0.000229032619399165
"19","404 Valdez Ct, Hinesville, GA 31313",212900,3,3,2100,NA,11,NA,NA,0.218340611353712,0.5,0.75,0.928571428571429,NA,NA,NA,NA,0.693877551020408,31.85244,-81.6524,"high","high",0.00032591712119324
"20","468 Laurel Hill Cir, Richmond Hill, GA 31324",229900,4,2,1619,30,32,NA,315,0.12531328320802,0.75,0.5,0.771689497716895,0.523809523809524,0.589041095890411,NA,0.384615384615385,0.577034501893487,31.9328,-81.31702,"high","med",0.000250993693733574
"21","29 Bristlecone Dr, Savannah, GA 31419",242900,4,2,1598,20,44,NA,468,0.0945179584120983,0.75,0.5,0.747474747474748,0.682539682539683,0.726027397260274,NA,0.114678899082569,0.588072183184515,31.97491,-81.23524,"high","high",0.000242104645197413
"22","227 River Oak Dr, Bloomingdale, GA 31302",129500,3,2,1680,34,46,NA,0,0.937888198757764,0.5,0.5,0.821428571428571,0.46031746031746,0.534246575342466,NA,0.928571428571429,0.610151823286392,32.11651,-81.39418,"low","high",0.000471159709101461
"23","306 Camden Ct, Hinesville, GA 31313",245500,4,3,2455,NA,16,0.36,0,0.0900900900900901,0.75,0.75,0.95260663507109,NA,NA,0.208333333333333,0.928571428571429,0.7862964444718,31.80151,-81.64711,"high","high",0.000320283684102566
"24","8 Pillar Ct, Savannah, GA 31406",249500,4,2,1869,NA,53,0.26,0,0.0840336134453781,0.75,0.5,0.893390191897655,NA,NA,0.147058823529412,0.928571428571429,0.724504863003546,31.98376,-81.10067,"high","high",0.000290382710622664
"25","137 Columbus Dr, Savannah, GA 31405",249900,3,2,1880,NA,52,0.15,0,0.0834724540901502,0.5,0.5,0.895833333333333,NA,NA,0.111111111111111,0.928571428571429,0.653499278499278,32.03851,-81.10227,"high","high",0.000261504313124961
"26","28 Carolina Ash Ct, Midway, GA 31320",184900,3,2,1425,44,20,0.36,NA,0.800796812749004,0.5,0.5,0.285714285714286,0.301587301587302,0.397260273972603,0.208333333333333,NA,0.378526128868595,32.03851,-81.10227,"med","low",0.000204719377430284
"27","208 Reese Dr, Richmond Hill, GA 31324",204500,4,2,1479,32,35,0.42,0,0.344827586206897,0.75,0.5,0.413223140495868,0.492063492063492,0.561643835616438,0.277777777777778,0.928571428571429,0.59961798997706,32.03851,-81.10227,"high","high",0.000293211731040127
"28","73 Tideland Dr, Midway, GA 31320",190000,3,1,1634,51,37,NA,0,0.75,0.5,0.25,0.786324786324786,0.19047619047619,0.301369863013699,NA,0.928571428571429,0.472022247606454,32.03851,-81.10227,"med","med",0.000248432761898134
"29","104 Smith Ave, Garden City, GA 31408",120000,2,2,865,28,55,0.25,0,0.944444444444444,0.25,0.5,0.0680272108843538,0.555555555555556,0.616438356164384,0.142857142857143,0.928571428571429,0.493675730058639,32.03851,-81.10227,"low","med",0.000411396441715533
"30","120 Wimbledon Dr, Savannah, GA 31419",210000,3,2,1236,19,43,NA,467,0.25,0.5,0.5,0.137362637362637,0.698412698412698,0.73972602739726,NA,0.115207373271889,0.478422133551972,32.03851,-81.10227,"high","med",0.000227820063596177
"31","228 Deerfield Rd W, Bloomingdale, GA 31302",174900,3,2,1670,42,55,0.35,0,0.857549857549858,0.5,0.5,0.814814814814815,0.333333333333333,0.424657534246575,0.2,0.928571428571429,0.54014721396761,32.03851,-81.10227,"med","med",0.000308832026282224
"32","Buildable plan: Christi, The Crossing at Independence, Hinesville, GA 31313",NA,3,2,1287,NA,NA,NA,NA,NA,0.5,0.5,0.159744408945687,NA,NA,NA,NA,0.402784116841625,32.03851,-81.10227,NA,"low",NA
"33","2020 Weybridge Ct, Hinesville, GA 31313",189900,4,2,1908,63,17,NA,NA,0.751243781094527,0.75,0.5,0.901574803149606,0,0.136986301369863,NA,NA,0.3902934650292,32.03851,-81.10227,"med","low",0.000205525784638863
"34","2500 Sims Rd, Pembroke, GA 31321",250000,4,2,1930,52,32,NA,NA,0.0833333333333333,0.75,0.5,0.905660377358491,0.174603174603175,0.287671232876712,NA,NA,0.473053367982844,32.16787,-81.61084,"high","med",0.000189221347193138
"35","121 Smith Ave, Garden City, GA 31408",205000,3,2,1761,27,55,0.32,0,0.333333333333333,0.5,0.5,0.861495844875346,0.571428571428571,0.63013698630137,0.178571428571429,0.928571428571429,0.631300147147489,32.1188,-81.15956,"high","high",0.000307951291291458
"36","7342 Garfield St, Savannah, GA 31406",197900,3,2,1290,NA,55,0.12,0,0.586776859504132,0.5,0.5,0.161290322580645,NA,NA,0.104166666666667,0.928571428571429,0.519314690685658,31.99124,-81.07247,"med","med",0.00026241267846673
"37","198 Chapel Lk S, Savannah, GA 31419",210000,3,2,1343,26,44,NA,720,0.25,0.5,0.5,0.194552529182879,0.587301587301587,0.643835616438356,NA,0.0531914893617021,0.431140748527781,32.04386,-81.23951,"high","low",0.000205305118346562
"38","141 Meadowside Ln, Savannah, GA 31405",235000,4,3,1802,26,44,NA,600,0.111111111111111,0.75,0.75,0.875621890547264,0.587301587301587,0.643835616438356,NA,0.0714285714285715,0.588014276111862,32.02213,-81.20697,"high","high",0.000250218840898665
"39","114 Cutt Off Way, Richmond Hill, GA 31324",194900,3,2,1730,32,35,0.26,0,0.66887417218543,0.5,0.5,0.848484848484849,0.492063492063492,0.561643835616438,0.147058823529412,0.928571428571429,0.59905157118426,31.9185,-81.31318,"med","high",0.000307363556277199
"40","Buildable plan: Naomi, The Columns at Independence North, Hinesville, GA 31313",NA,3,3,1666,NA,NA,NA,NA,NA,0.5,0.75,0.81203007518797,NA,NA,NA,NA,0.660580021482277,41.866106,-87.720313,NA,"high",NA
"41","2344 Ranchland Dr, Savannah, GA 31404",179900,4,3,2056,NA,57,0.26,0,0.833887043189369,0.75,0.75,0.923780487804878,NA,NA,0.147058823529412,0.928571428571429,0.775484916804859,32.02534,-81.07356,"med","high",0.0004310644340216
"42","12511 Woodley Rd, Savannah, GA 31419",79000,3,2,1500,19,49,0.29,0,0.961832061068702,0.5,0.5,0.5,0.698412698412698,0.73972602739726,0.161290322580645,0.928571428571429,0.636657415785417,31.9728,-81.13922,"low","high",0.000805895463019515
"43","373 S Main St, Pembroke, GA 31321",45000,2,1,1498,49,27,NA,NA,0.96969696969697,0.25,0.25,0.490196078431373,0.222222222222222,0.328767123287671,NA,NA,0.293255886829618,32.13033,-81.62281,"low","low",0.000651679748510262
"44","212 Conaway Rd, Bloomingdale, GA 31302",149000,3,2,1596,37,49,2.47,0,0.918032786885246,0.5,0.5,0.744897959183674,0.412698412698413,0.493150684931507,0.975845410628019,0.928571428571429,0.604533406683212,32.13593,-81.27799,"low","high",0.000405727118579337
"45","9 Cross Bow Ct, Savannah, GA 31406",226900,4,2,1322,NA,56,0.27,0,0.13550135501355,0.75,0.5,0.179856115107914,NA,NA,0.151515151515152,0.928571428571429,0.595176515222297,31.99641,-81.0713,"high","high",0.000262307851574393
"46","814 Huntington Way, Hinesville, GA 31313",230000,8,4,NA,53,7,NA,NA,0.125,0.916666666666667,0.833333333333333,NA,0.158730158730159,0.273972602739726,NA,NA,0.48945875915054,31.86375,-81.59203,"high","med",0.000212808156152409
"47","6 Fontenot Ct, Savannah, GA 31405",182900,3,2,1503,24,42,NA,NA,0.81549815498155,0.5,0.5,0.514563106796116,0.619047619047619,0.671232876712329,NA,NA,0.572786808565693,32.02407,-81.21584,"med","med",0.000313169386859318
"48","121 Sheila Dr, Hinesville, GA 31313",119900,3,2,1104,NA,17,NA,NA,0.944506104328524,0.5,0.5,0.100806451612903,NA,NA,NA,NA,0.38594470046083,31.77847,-81.63866,"low","low",0.000321888824404362
"49","123 Fontenot Dr, Savannah, GA 31405",225000,4,2,1720,25,43,0.25,0,0.142857142857143,0.75,0.5,0.84375,0.603174603174603,0.657534246575342,0.142857142857143,0.928571428571429,0.680631810055326,32.02004,-81.21501,"high","high",0.000302503026691256
"50","1323 W Oglethorpe Hwy, Hinesville, GA 31313",99000,3,1,960,57,13,0.77,0,0.954954954954955,0.5,0.25,0.078125,0.0952380952380953,0.219178082191781,0.864864864864865,0.928571428571429,0.380295321005937,31.79989,-81.60641,"low","low",0.000384136687884785
"51","6 Seneca Rd, Savannah, GA 31406",139900,2,1,1548,NA,50,0.2,0,0.92867332382311,0.25,0.25,0.662162162162162,NA,NA,0.125,0.928571428571429,0.498639873639874,31.99886,-81.1211,"low","med",0.000356425928262955
"52","Buildable plan: Kohen, Griffin Park, Hinesville, GA 31313",NA,5,3,2416,NA,NA,NA,NA,NA,0.833333333333333,0.75,0.950787401574803,NA,NA,NA,NA,0.843082114735658,31.8518,-81.60137,NA,"high",NA
"53","68 Retriever Way, Allenhurst, GA 31301",126000,3,2,1343,NA,17,NA,NA,0.94047619047619,0.5,0.5,0.194552529182879,NA,NA,NA,NA,0.412729294052251,31.76051,-81.60942,"low","low",0.000327562931787501
"54","212 Port Royal Dr, Savannah, GA 31410",239900,3,2,1319,NA,69,0.14,0,0.100200400801603,0.5,0.5,0.177935943060498,NA,NA,0.108695652173913,0.928571428571429,0.522752893091745,32.01382,-80.97611,"high","med",0.000217904498996142
"55","102 Berwick Lakes Blvd, Pooler, GA 31322",179900,8,2,NA,25,43,NA,NA,0.833887043189369,0.916666666666667,0.5,NA,0.603174603174603,0.657534246575342,NA,NA,0.677941762702037,32.05462,-81.26713,"med","high",0.000376843670206802
"56","3701 Eastgate Dr, Savannah, GA 31404",149000,3,1,1152,NA,58,0.19,0,0.918032786885246,0.5,0.25,0.111607142857143,NA,NA,0.121951219512195,0.928571428571429,0.466443617358252,32.03572,-81.07341,"low","low",0.000313049407622988
"57","1103 Kelly Dr, Hinesville, GA 31313",155000,3,2,1600,NA,14,0.34,0,0.909090909090909,0.5,0.5,0.75,NA,NA,0.192307692307692,0.928571428571429,0.634365634365634,31.81106,-81.62441,"med","high",0.000409268151203635
"58","13 Cambridge Ct, Savannah, GA 31419",190000,3,2,1342,19,43,NA,467,0.75,0.5,0.5,0.193798449612403,0.698412698412698,0.73972602739726,NA,0.115207373271889,0.485061640875473,31.98766,-81.20436,"med","med",0.000255295600460775
"59","Buildable plan: Caitlin, Flemington Village, Hinesville, GA 31313",NA,3,2,1505,NA,NA,NA,NA,NA,0.5,0.5,0.523809523809524,NA,NA,NA,NA,0.506802721088435,31.81852,-81.67249,NA,"med",NA
"60","715 Dyches Dr, Savannah, GA 31406",2e+05,4,2,1758,NA,51,0.25,0,0.5,0.75,0.5,0.860335195530726,NA,NA,0.142857142857143,0.928571428571429,0.718112892693898,31.98427,-81.12162,"med","high",0.000359056446346949
"61","36 Waterstone Cir, Savannah, GA 31405",239500,3,3,1780,27,45,NA,315,0.101010101010101,0.5,0.75,0.868421052631579,0.571428571428571,0.63013698630137,NA,0.384615384615385,0.592165500219277,32.02174,-81.20747,"high","high",0.000247250730780491
"62","214 Arbor Ridge Way, Midway, GA 31320",215000,4,2,2182,46,21,0.31,NA,0.2,0.75,0.5,0.936061381074169,0.26984126984127,0.36986301369863,0.172413793103448,NA,0.49889937838085,31.80965,-81.45723,"high","med",0.000232046222502721
"63","1452 E 42nd St, Savannah, GA 31404",189900,2,1,1300,NA,58,0.19,NA,0.751243781094527,0.25,0.25,0.166666666666667,NA,NA,0.121951219512195,NA,0.213160569105691,32.04704,-81.077,"med","low",0.000112248851556446
"64","636 Kline St, Savannah, GA 31415",125000,3,2,1232,22,50,0.07,0,0.941176470588235,0.5,0.5,0.135869565217391,0.650793650793651,0.698630136986301,0.0943396226415094,0.928571428571429,0.575047669606894,32.06155,-81.10704,"low","med",0.000460038135685515
"65","109 Phillips Ave, Savannah, GA 31407",160000,3,2,1093,34,57,0.38,0,0.9,0.5,0.5,0.0986193293885602,0.46031746031746,0.534246575342466,0.227272727272727,0.928571428571429,0.508568624392299,32.15067,-81.15957,"med","med",0.000317855390245187
"66","2411 Bolling St, Savannah, GA 31404",129900,3,2,968,NA,NA,0.15,0,0.937578027465668,0.5,0.5,0.0791139240506329,NA,NA,0.111111111111111,0.928571428571429,0.505004840447878,32.05467,-81.05359,"low","med",0.000388764311353255
"67","284 Clubhouse Dr, Midway, GA 31320",199900,3,3,1693,42,29,NA,295,0.504950495049505,0.5,0.75,0.829351535836177,0.333333333333333,0.424657534246575,NA,0.545454545454545,0.523668979065238,31.83358,-81.39402,"med","med",0.000261965472268753
"68","905 Granger Dr, Hinesville, GA 31313",125000,3,2,1280,NA,12,NA,NA,0.941176470588235,0.5,0.5,0.15625,NA,NA,NA,NA,0.401785714285714,31.81685,-81.62816,"low","low",0.000321428571428571
"69","300 W Court St, Hinesville, GA 31313",111000,3,2,1323,53,6,0.8,0,0.94949494949495,0.5,0.5,0.180505415162455,0.158730158730159,0.273972602739726,0.875,0.928571428571429,0.4432535310655,31.84899,-81.60036,"low","low",0.000399327505464414
"70","Buildable plan: Hazel, Griffin Park, Hinesville, GA 31313",NA,4,2,1682,NA,NA,NA,NA,NA,0.75,0.5,0.822695035460993,NA,NA,NA,NA,0.699341438703141,31.8518,-81.60137,NA,"high",NA
"71","178 Olvey Rd, Hinesville, GA 31313",159000,3,3,1857,50,8,1.55,NA,0.901960784313726,0.5,0.75,0.890590809628009,0.206349206349206,0.315068493150685,0.956521739130435,NA,0.500553710882355,31.85602,-81.5791,"med","med",0.000314813654642991
"72","244 Bender St, Hinesville, GA 31313",205000,4,3,2174,NA,11,NA,780,0.333333333333333,0.75,0.75,0.935400516795866,NA,NA,NA,0.0471698113207547,0.5762310467554,31.85293,-81.65426,"high","med",0.000281088315490439
"73","1005 Wolf St, Savannah, GA 31401",225000,3,2,1116,NA,57,0.13,0,0.142857142857143,0.5,0.5,0.103305785123967,NA,NA,0.106382978723404,0.928571428571429,0.508973530425966,32.06384,-81.08068,"high","med",0.000226210457967096
"74","17 Sherwood Rd, Savannah, GA 31406",175000,3,1,1527,NA,53,0.35,0,0.857142857142857,0.5,0.25,0.606299212598425,NA,NA,0.2,0.928571428571429,0.563482973719194,31.99674,-81.10114,"med","med",0.000321990270696682
"75","106 N Chestnut St, Pooler, GA 31322",236900,3,3,1820,32,44,0.47,0,0.106609808102345,0.5,0.75,0.880952380952381,0.492063492063492,0.561643835616438,0.384615384615385,0.928571428571429,0.64363443929654,32.11737,-81.25052,"high","high",0.000271690350061857
"76","173 Manchester Ct, Midway, GA 31320",207900,4,2,1936,41,28,NA,300,0.279329608938547,0.75,0.5,0.906716417910448,0.349206349206349,0.438356164383562,NA,0.5,0.545607454458646,31.83934,-81.39138,"high","med",0.000262437448032057
"77","206 Ash St, Bloomingdale, GA 31302",110000,3,1,1092,36,49,0.48,0,0.95,0.5,0.25,0.0984251968503937,0.428571428571429,0.506849315068493,0.416666666666667,0.928571428571429,0.479670278087385,32.12628,-81.29511,"low","med",0.00043606388917035
"78","43 Leeward Dr, Savannah, GA 31419",189900,3,2,1016,20,44,NA,467,0.751243781094527,0.5,0.5,0.0856164383561644,0.682539682539683,0.726027397260274,NA,0.115207373271889,0.466182112851032,31.98895,-81.20057,"med","low",0.000245488211085325
"79","939 Highland Dr, Hinesville, GA 31313",124900,3,2,1524,NA,10,NA,NA,0.941245593419506,0.5,0.5,0.596774193548387,NA,NA,NA,NA,0.527649769585253,31.84326,-81.62631,"low","med",0.000422457781893717
"80","1043 Bacon Rd, Hinesville, GA 31313",165000,3,2,1177,57,11,0.28,0,0.888888888888889,0.5,0.5,0.118203309692671,0.0952380952380953,0.219178082191781,0.15625,0.928571428571429,0.373158751812631,31.82195,-81.61265,"med","low",0.000226156819280382
"81","1216 E 35th St, Savannah, GA 31404",217000,4,2,2405,NA,56,0.12,0,0.185185185185185,0.75,0.5,0.950248756218905,NA,NA,0.104166666666667,0.928571428571429,0.730943496801706,32.05422,-81.08032,"high","high",0.000336840321106777
"82","117 Hopeland Dr, Savannah, GA 31419",225000,3,2,1592,NA,47,0.15,0,0.142857142857143,0.5,0.5,0.739583333333333,NA,NA,0.111111111111111,0.928571428571429,0.625090187590188,31.97854,-81.15751,"high","high",0.000277817861151195
"83","5 Millwood Lake Dr, Savannah, GA 31407",249000,3,3,1703,41,53,NA,1064,0.0847457627118644,0.5,0.75,0.834983498349835,0.349206349206349,0.438356164383562,NA,0.0307125307125307,0.439646969341961,32.17289,-81.24878,"high","low",0.000176565047928498
"84","38 Shady Hill Cir, Richmond Hill, GA 31324",224900,4,3,1799,29,34,NA,315,0.143266475644699,0.75,0.75,0.87468671679198,0.53968253968254,0.602739726027397,NA,0.384615384615385,0.624715819073086,31.93646,-81.31568,"high","high",0.000277774930668335
"85","969 Fox Haven Ct, Hinesville, GA 31313",249900,3,2,2480,58,14,0.55,0,0.0834724540901502,0.5,0.5,0.953703703703704,0.0793650793650794,0.205479452054795,0.666666666666667,0.928571428571429,0.488538168522948,31.81701,-81.61129,"high","med",0.000195493464795097
"86","55 Winchester Way SE, Allenhurst, GA 31301",2e+05,4,2,1958,NA,20,NA,NA,0.5,0.75,0.5,0.910394265232975,NA,NA,NA,NA,0.724398361495136,31.75722,-81.63558,"med","high",0.000362199180747568
"87","128 Oak Harvest Rdg, Midway, GA 31320",185000,3,2,1470,42,29,NA,300,0.8,0.5,0.5,0.384615384615385,0.333333333333333,0.424657534246575,NA,0.5,0.433913923841402,31.84413,-81.3898,"med","low",0.000234548066941298
"88","228 W Deerfield Dr, Bloomingdale, GA 31302",174900,3,2,1670,NA,NA,NA,NA,0.857549857549858,0.5,0.5,0.814814814814815,NA,NA,NA,NA,0.58994708994709,32.1604,-81.32623,"med","high",0.00033730536875191
"89","Buildable plan: Kerry, The Columns at Independence North, Hinesville, GA 31313",NA,3,3,1411,NA,NA,NA,NA,NA,0.5,0.75,0.264550264550265,NA,NA,NA,NA,0.504157218442933,41.866106,-87.720313,NA,"med",NA
"90","3202 Hazel St, Savannah, GA 31404",229000,4,2,1634,NA,59,0.54,0,0.128205128205128,0.75,0.5,0.786324786324786,NA,NA,0.642857142857143,0.928571428571429,0.750111000111,32.03423,-81.06433,"high","high",0.00032755938869476
"91","Buildable plan: Addison, Griffin Park, Hinesville, GA 31313",NA,4,3,1978,NA,NA,NA,NA,NA,0.75,0.75,0.913494809688581,NA,NA,NA,NA,0.796712802768166,31.8518,-81.60137,NA,"high",NA
"92","46 Heathcote Cir, Savannah, GA 31405",169500,3,2,975,22,46,0.46,0,0.876543209876543,0.5,0.5,0.08,0.650793650793651,0.698630136986301,0.357142857142857,0.928571428571429,0.583440119832814,32.04563,-81.17171,"med","high",0.000344212460078356
"93","105 Blueberry Ct, Savannah, GA 31419",2e+05,3,2,1456,18,42,NA,467,0.5,0.5,0.5,0.347222222222222,0.714285714285714,0.753424657534247,NA,0.115207373271889,0.50926372905916,31.99187,-81.20927,"med","med",0.00025463186452958
"94","Buildable plan: Naomi, Cherokee Station, Hinesville, GA 31313",NA,3,3,1666,NA,NA,NA,NA,NA,0.5,0.75,0.81203007518797,NA,NA,NA,NA,0.660580021482277,31.80112,-81.60088,NA,"high",NA
"95","806 E 33rd St, Savannah, GA 31401",219000,2,1,1254,NA,56,0.07,0,0.172413793103448,0.25,0.25,0.144508670520231,NA,NA,0.0943396226415094,0.928571428571429,0.401733749945114,32.05706,-81.08598,"high","low",0.000183440068468089
"96","1816 E De Renne Ave, Savannah, GA 31406",250000,4,3,1811,NA,55,0.3,0,0.0833333333333333,0.75,0.75,0.878345498783455,NA,NA,0.166666666666667,0.928571428571429,0.769006540904351,32.02139,-81.08187,"high","high",0.00030760261636174
"97","705 Woodley Rd, Savannah, GA 31419",249000,4,3,2192,16,45,NA,300,0.0847457627118644,0.75,0.75,0.936868686868687,0.746031746031746,0.780821917808219,NA,0.5,0.732372359487589,31.98003,-81.15503,"high","high",0.000294125445577345
"98","615 Olmstead Dr, Hinesville, GA 31313",189900,3,2,1404,51,6,NA,NA,0.751243781094527,0.5,0.5,0.255102040816327,0.19047619047619,0.301369863013699,NA,NA,0.334015602327037,31.85865,-81.59435,"med","low",0.000175890259255944
"99","2205 Bolling St, Savannah, GA 31404",122500,2,1,972,NA,NA,0.12,0,0.942857142857143,0.25,0.25,0.0796178343949044,NA,NA,0.104166666666667,0.928571428571429,0.390828783742796,32.05566,-81.05751,"low","low",0.00031904390509616
"100","1130 E 56th St, Savannah, GA 31404",239800,4,2,NA,NA,57,NA,NA,0.100401606425703,0.75,0.5,NA,NA,NA,NA,NA,0.65,32.0381,-81.08741,"high","high",0.000271059216013344
"101","267 Glenn Bryant Rd, Hinesville, GA 31313",128500,2,4,1348,NA,13,0.2,0,0.938650306748466,0.25,0.833333333333333,0.198412698412698,NA,NA,0.125,0.928571428571429,0.520382395382395,31.81454,-81.62072,"low","med",0.00040496684465556
"102","126 Salt Creek Rd, Savannah, GA 31405",169000,5,2,1904,27,46,1.55,0,0.878048780487805,0.833333333333333,0.5,0.900793650793651,0.571428571428571,0.63013698630137,0.956521739130435,0.928571428571429,0.734441587280579,32.04958,-81.19286,"med","high",0.000434580820876082
"103","212 Pine St, Bloomingdale, GA 31302",187900,3,2,1410,35,48,NA,NA,0.773755656108597,0.5,0.5,0.263157894736842,0.444444444444444,0.52054794520548,NA,NA,0.454695528776279,32.1265,-81.29946,"med","low",0.00024198804086018
"104","7 Mossy Ct, Savannah, GA 31419",246000,3,2,1816,23,41,0.32,0,0.0892857142857143,0.5,0.5,0.879807692307692,0.634920634920635,0.684931506849315,0.178571428571429,0.928571428571429,0.656576564396199,32.02791,-81.2444,"high","high",0.000266901042437479
"105","10 Goldfinch Ct W, Savannah, GA 31419",209900,3,2,1335,19,43,NA,468,0.251256281407035,0.5,0.5,0.188679245283019,0.698412698412698,0.73972602739726,NA,0.114678899082569,0.484366121391548,31.97807,-81.23567,"high","med",0.000230760419910218
"106","4623 Skidaway Rd, Savannah, GA 31404",229000,4,2,1603,NA,57,0.22,0,0.128205128205128,0.75,0.5,0.753694581280788,NA,NA,0.131578947368421,0.928571428571429,0.697698399604026,32.02537,-81.07226,"high","high",0.000304671790220099
"107","8613 E Creighton Pl, Savannah, GA 31406",179900,3,2,1636,NA,54,0.22,0,0.833887043189369,0.5,0.5,0.788135593220339,NA,NA,0.131578947368421,0.928571428571429,0.635778583593035,31.98813,-81.09989,"med","high",0.000353406661252382
"108","1025 W 40th St, Savannah, GA 31415",120000,2,2,1026,NA,50,0.07,0,0.944444444444444,0.25,0.5,0.0871080139372822,NA,NA,0.0943396226415094,0.928571428571429,0.436751812384578,32.05778,-81.11372,"low","low",0.000363959843653815
"109","82 Crosby Dr, Hinesville, GA 31313",113500,3,2,1087,NA,16,0.25,NA,0.948186528497409,0.5,0.5,0.0974658869395711,NA,NA,0.142857142857143,NA,0.354723614592036,31.78193,-81.627,"low","low",0.00031253181902382
"110","180 Bowers St, Pembroke, GA 31321",130000,2,1,988,50,29,0.28,0,0.9375,0.25,0.25,0.0816993464052287,0.206349206349206,0.315068493150685,0.15625,0.928571428571429,0.340331404631868,32.14899,-81.62594,"low","low",0.00026179338817836
"111","115 Adair St, Savannah, GA 31404",115000,2,2,1150,NA,57,0.08,0,0.947368421052632,0.25,0.5,0.111111111111111,NA,NA,0.0961538461538461,0.928571428571429,0.441280941280941,32.0636,-81.07476,"low","low",0.000383722557635601
"112","2108 Packard Ave, Savannah, GA 31405",149000,4,2,1932,19,49,0.14,0,0.918032786885246,0.75,0.5,0.906015037593985,0.698412698412698,0.73972602739726,0.108695652173913,0.928571428571429,0.720514938273263,32.05792,-81.13868,"low","high",0.000483567072666619
"113","4106 Boyd St, Savannah, GA 31405",1e+05,3,1,1140,NA,53,0.15,0,0.954545454545455,0.5,0.25,0.108695652173913,NA,NA,0.111111111111111,0.928571428571429,0.464928791015748,32.04172,-81.10757,"low","low",0.000464928791015748
"114","1942 Salisbury Way, Hinesville, GA 31313",210000,3,2,1880,63,17,NA,NA,0.25,0.5,0.5,0.895833333333333,0,0.136986301369863,NA,NA,0.335901826484018,31.7966,-81.63567,"high","low",0.000159953250706675
"115","147 Dovetail Xing, Savannah, GA 31419",224500,4,2,1733,21,45,NA,467,0.144927536231884,0.75,0.5,0.84984984984985,0.666666666666667,0.712328767123288,NA,0.115207373271889,0.594057340444229,31.9771,-81.24276,"high","high",0.00026461351467449
"116","215 Caribbean Village Dr, Guyton, GA 31312",248990,3,2,1618,46,62,NA,700,0.0847601288353959,0.5,0.5,0.770642201834862,0.26984126984127,0.36986301369863,NA,0.0555555555555556,0.376288540635139,32.19017,-81.27528,"high","low",0.000151125965153275
"117","7 Del Mar Cir, Savannah, GA 31419",179000,3,2,1484,NA,48,1.88,0,0.838709677419355,0.5,0.5,0.431034482758621,NA,NA,0.966216216216216,0.928571428571429,0.646727224313431,31.98572,-81.13659,"med","high",0.000361300125314766
"118","1712 E 39th St, Savannah, GA 31404",225000,4,3,2042,NA,59,0.19,0,0.142857142857143,0.75,0.75,0.922118380062305,NA,NA,0.121951219512195,0.928571428571429,0.772900205941008,32.04826,-81.07201,"high","high",0.000343511202640448
"119","2409 Dolphin Dr, Savannah, GA 31406",180000,3,2,1681,NA,57,0.16,0,0.833333333333333,0.5,0.5,0.822064056939502,NA,NA,0.113636363636364,0.928571428571429,0.640316251202696,32.01244,-81.06988,"med","high",0.000355731250668164
"120","133 Berwick Lakes Blvd, Pooler, GA 31322",218000,3,2,2006,26,44,0.22,0,0.178571428571429,0.5,0.5,0.917491749174917,0.587301587301587,0.643835616438356,0.131578947368421,0.928571428571429,0.64072166277522,32.05486,-81.26382,"high","high",0.000293909019621661
"121","1925 Linnhurst Dr, Savannah, GA 31404",179300,3,1,864,NA,59,0.19,0,0.837133550488599,0.5,0.25,0.0679347826086957,NA,NA,0.121951219512195,0.928571428571429,0.45850318822217,32.03532,-81.07002,"med","low",0.00025571845411164
"122","2326 Suttle Ct, Hinesville, GA 31313",147563,4,2,1389,62,17,NA,NA,0.919919278632862,0.75,0.5,0.23696682464455,0.0158730158730159,0.150684931506849,NA,NA,0.302820036235837,31.78621,-81.63152,"low","low",0.000205214068727145
"123","104 E Whatley St, Pooler, GA 31322",210000,3,2,1824,32,44,0.27,0,0.25,0.5,0.5,0.882075471698113,0.492063492063492,0.561643835616438,0.151515151515152,0.928571428571429,0.603031436429386,32.11318,-81.24956,"high","high",0.000287157826871136
"124","64 Kings Way, Ellabell, GA 31308",209900,1,2,1400,42,42,NA,NA,0.251256281407035,0.166666666666667,0.5,0.25,0.333333333333333,0.424657534246575,NA,NA,0.329093281148076,32.19573,-81.43018,"high","low",0.000156785746140103
"125","307 Aberfeldy St, Port Wentworth, GA 31407",99900,2,2,1474,32,57,0.14,0,0.954586739327884,0.25,0.5,0.396825396825397,0.492063492063492,0.561643835616438,0.108695652173913,0.928571428571429,0.505069233702349,32.14621,-81.16166,"low","med",0.00050557480851086
"126","624 W 47th St, Savannah, GA 31405",67000,2,1,660,NA,53,NA,NA,0.965034965034965,0.25,0.25,0.0531914893617021,NA,NA,NA,NA,0.193768996960486,32.05163,-81.11005,"low","low",0.000289207458149979
"127","Buildable plan: Whitaker II, The Columns at Independence North, Hinesville, GA 31313",NA,4,3,1962,NA,NA,NA,NA,NA,0.75,0.75,0.911032028469751,NA,NA,NA,NA,0.796009150991357,41.866106,-87.720313,NA,"high",NA
"128","12216 Bedford Dr, Savannah, GA 31419",164700,3,2,1597,17,47,0.23,0,0.88962472406181,0.5,0.5,0.746192893401015,0.73015873015873,0.767123287671233,0.135135135135135,0.928571428571429,0.674179999516671,31.97992,-81.14445,"med","high",0.000409338190356206
"129","702 Fairview Cir, Hinesville, GA 31313",246000,4,3,2298,NA,NA,NA,300,0.0892857142857143,0.75,0.75,0.944320712694877,NA,NA,NA,0.5,0.713864142538976,31.82907,-81.63682,"high","high",0.000290188675828852
"130","34 Quail Forest Dr, Savannah, GA 31419",144900,3,2,1444,NA,46,0.15,0,0.923195084485407,0.5,0.5,0.32051282051282,NA,NA,0.111111111111111,0.928571428571429,0.548895548895549,31.99377,-81.15645,"low","med",0.000378809902619426
"131","2347 Jurgensen St, Savannah, GA 31404",130000,3,2,1441,NA,59,0.15,0,0.9375,0.5,0.5,0.314465408805031,NA,NA,0.111111111111111,0.928571428571429,0.547796019494133,32.0343,-81.06233,"low","med",0.000421381553457025
"132","5 Shad Ct, Savannah, GA 31410",159000,4,2,NA,NA,73,NA,NA,0.901960784313726,0.75,0.5,NA,NA,NA,NA,NA,0.65,32.00885,-80.95582,"med","high",0.000408805031446541
"133","2206 1/2 Iowa St, Savannah, GA 31404",105000,3,1,1050,NA,NA,0.06,0,0.952380952380952,0.5,0.25,0.0909090909090909,NA,NA,0.0925925925925926,0.928571428571429,0.460011369102278,32.0608,-81.05571,"low","low",0.000438106065811693
"134","420 Screven Ave, Savannah, GA 31404",175000,3,2,1008,NA,59,0.09,0,0.857142857142857,0.5,0.5,0.0844594594594595,NA,NA,0.0980392156862745,0.928571428571429,0.504788401847225,32.06092,-81.0635,"med","med",0.000288450515341271
"135","2106 Biscayne Dr, Savannah, GA 31406",215000,4,2,1380,NA,55,0.16,0,0.2,0.75,0.5,0.227272727272727,NA,NA,0.113636363636364,0.928571428571429,0.600354191263282,32.00166,-81.07676,"high","high",0.000279234507564317
"136","1618 Kings Way, Savannah, GA 31406",230000,4,3,2276,NA,52,0.2,0,0.125,0.75,0.75,0.942922374429224,NA,NA,0.125,0.928571428571429,0.776959912233885,31.97788,-81.10031,"high","high",0.000337808657492993
"137","1305 E 57th St, Savannah, GA 31404",135000,3,1,999,NA,56,0.14,0,0.933333333333333,0.5,0.25,0.0831946755407654,NA,NA,0.108695652173913,0.928571428571429,0.460072662633612,32.03675,-81.08663,"low","low",0.000340794564913787
"138","1 Judith St PARCEL 1, Pembroke, GA 31321",239900,4,3,1863,49,29,0.38,0,0.100200400801603,0.75,0.75,0.892008639308855,0.222222222222222,0.328767123287671,0.227272727272727,0.928571428571429,0.579010808353146,32.14193,-81.62002,"high","high",0.000241355068092183
"139","1312 E 40th St, Savannah, GA 31404",182000,3,1,1057,NA,57,0.14,0,0.821428571428571,0.5,0.25,0.0920810313075506,NA,NA,0.108695652173913,0.928571428571429,0.461688363682118,32.04948,-81.08017,"med","low",0.000253674925100065
"140","1936 Utah St, Savannah, GA 31404",135000,2,1,936,NA,59,0.12,0,0.933333333333333,0.25,0.25,0.0753012048192771,NA,NA,0.104166666666667,0.928571428571429,0.390043942001773,32.06672,-81.05908,"low","low",0.000288921438519832
"141","2323 Bona Bella Ave, Savannah, GA 31406",139000,3,2,1555,NA,57,0.16,0,0.929577464788732,0.5,0.5,0.67741935483871,NA,NA,0.113636363636364,0.928571428571429,0.614017214457097,32.01218,-81.06997,"low","high",0.000441739003206545
"142","Buildable plan: Brandon 2, Richmond Pass, Midway, GA 31320",NA,4,2,1675,NA,NA,NA,NA,NA,0.75,0.5,0.818181818181818,NA,NA,NA,NA,0.698051948051948,31.973461,-81.057965,NA,"high",NA
"143","3204 Hazel St, Savannah, GA 31404",229000,4,2,1634,NA,59,0.54,0,0.128205128205128,0.75,0.5,0.786324786324786,NA,NA,0.642857142857143,0.928571428571429,0.750111000111,32.03474,-81.06443,"high","high",0.00032755938869476
"144","4019 Campbell St, Savannah, GA 31405",119000,3,3,1352,NA,50,0.09,0,0.945054945054945,0.5,0.75,0.201612903225806,NA,NA,0.0980392156862745,0.928571428571429,0.571543573441107,32.05033,-81.13344,"low","med",0.000480288717177401
"145","108 Tobago Cir, Guyton, GA 31312",233990,3,2,1343,NA,NA,NA,700,0.113662195953626,0.5,0.5,0.194552529182879,NA,NA,NA,0.0555555555555556,0.305577172503243,32.3401,-81.39252,"high","low",0.000130594116202933
"146","2025 Eppinger St, Savannah, GA 31415",94990,2,1,870,22,49,0.06,0,0.956525519520042,0.25,0.25,0.0684931506849315,0.650793650793651,0.698630136986301,0.0925925925925926,0.928571428571429,0.498019899656125,32.08746,-81.12433,"low","med",0.000524286661391857
"147","2310 E 42nd St, Savannah, GA 31404",179900,3,1,990,NA,NA,0.15,0,0.833887043189369,0.5,0.25,0.0819672131147541,NA,NA,0.111111111111111,0.928571428571429,0.460069074823173,32.04185,-81.05745,"med","low",0.000255736006016216
"148","3 Judith St PARCEL 3, Pembroke, GA 31321",239900,4,3,1863,49,29,0.32,0,0.100200400801603,0.75,0.75,0.892008639308855,0.222222222222222,0.328767123287671,0.178571428571429,0.928571428571429,0.576305180647518,32.14197,-81.61996,"high","med",0.000240227253292004
"149","2117 New Mexico St, Savannah, GA 31404",165000,2,1,825,NA,59,0.14,0,0.888888888888889,0.25,0.25,0.0645161290322581,NA,NA,0.108695652173913,0.928571428571429,0.38849474508661,32.06671,-81.05413,"med","low",0.000235451360658552
"150","1605 Reynolds St, Savannah, GA 31401",229900,3,1,1149,NA,54,NA,NA,0.12531328320802,0.5,0.25,0.110864745011086,NA,NA,NA,NA,0.317389927146025,32.05866,-81.09052,"high","low",0.000138055644691616
"151","1107 W 41st St, Savannah, GA 31415",95000,3,1,1008,NA,50,0.11,0,0.956521739130435,0.5,0.25,0.0844594594594595,NA,NA,0.102040816326531,0.928571428571429,0.459697638269067,32.05707,-81.11457,"low","low",0.000483892250809544
"152","1905 Harrison St, Savannah, GA 31404",160000,2,1,936,NA,NA,0.12,0,0.9,0.25,0.25,0.0753012048192771,NA,NA,0.104166666666667,0.928571428571429,0.390043942001773,32.06464,-81.06107,"med","low",0.000243777463751108
"153","27 Villas Of Garrard Dr, Savannah, GA 31405",203990,3,3,1473,NA,NA,NA,1440,0.357398141529664,0.5,0.75,0.393700787401575,NA,NA,NA,0.0210084033613445,0.385042678488718,32.04108,-81.15835,"high","low",0.000188755663752497
"154","2318 Lorraine Dr, Savannah, GA 31404",185000,3,1,946,NA,57,0.18,0,0.8,0.5,0.25,0.0764525993883792,NA,NA,0.119047619047619,0.928571428571429,0.459787918503515,32.02725,-81.07378,"med","low",0.0002485340100019
"155","810 Googe St, Savannah, GA 31415",115000,2,1,704,22,50,0.12,0,0.947368421052632,0.25,0.25,0.0558035714285715,0.650793650793651,0.698630136986301,0.104166666666667,0.928571428571429,0.497252950520645,32.07288,-81.12065,"low","med",0.000432393870017952
"156","2103 Utah St, Savannah, GA 31404",140000,2,1,1179,NA,NA,0.15,0,0.928571428571429,0.25,0.25,0.118764845605701,NA,NA,0.111111111111111,0.928571428571429,0.398577735276073,32.06556,-81.05622,"low","low",0.000284698382340052
"157","2008 Linnhurst Dr, Savannah, GA 31404",169900,3,1,1197,NA,58,0.16,0,0.875311720698254,0.5,0.25,0.124069478908189,NA,NA,0.113636363636364,0.928571428571429,0.467953600651548,32.03537,-81.0684,"med","low",0.000275428840877898
"158","2213 E Gwinnett St, Savannah, GA 31404",165000,4,2,1679,NA,NA,0.12,0,0.888888888888889,0.75,0.5,0.82078853046595,NA,NA,0.104166666666667,0.928571428571429,0.707405273937532,32.05634,-81.05691,"med","high",0.00042873046905305
"159","1030 Demmond St, Savannah, GA 31415",165000,3,2,1121,24,52,0.06,0,0.888888888888889,0.5,0.5,0.104384133611691,0.619047619047619,0.671232876712329,0.0925925925925926,0.928571428571429,0.559831347325429,32.08221,-81.1137,"med","med",0.000339291725651775
"160","737 Fairview Cir, Hinesville, GA 31313",231700,4,3,1962,NA,NA,NA,300,0.119904076738609,0.75,0.75,0.911032028469751,NA,NA,NA,0.5,0.70720640569395,31.8025,-81.65242,"high","high",0.00030522503482691
"161","Buildable plan: Addison, Richmond Pass, Midway, GA 31320",NA,4,3,1978,NA,NA,NA,NA,NA,0.75,0.75,0.913494809688581,NA,NA,NA,NA,0.796712802768166,31.79552,-81.41232,NA,"high",NA
"162","630 Lee Blvd, Savannah, GA 31405",185000,3,2,1096,NA,55,0.19,0,0.8,0.5,0.5,0.0992063492063492,NA,NA,0.121951219512195,0.928571428571429,0.509643473058107,32.01654,-81.09901,"med","med",0.000275482958409788
"163","305 Woodley Rd, Savannah, GA 31419",129000,3,1,1323,18,48,0.21,0,0.938271604938272,0.5,0.25,0.180505415162455,0.714285714285714,0.753424657534247,0.128205128205128,0.928571428571429,0.577352615221662,31.97575,-81.13967,"low","high",0.000447560166838498
"164","1510 E Henry St, Savannah, GA 31404",153900,3,3,1504,NA,56,0.02,0,0.910873440285205,0.5,0.75,0.519230769230769,NA,NA,0.0862068965517241,0.928571428571429,0.628216610975232,32.05712,-81.0742,"med","high",0.00040819792785915
"165","519 W 60th St, Savannah, GA 31405",149900,3,1,1035,NA,52,0.12,0,0.916805324459235,0.5,0.25,0.0884955752212389,NA,NA,0.104166666666667,0.928571428571429,0.460624736620312,32.0409,-81.11302,"low","low",0.000307288016424491
"166","2010 E 42nd St, Savannah, GA 31404",135000,3,1,1054,NA,58,0.14,0,0.933333333333333,0.5,0.25,0.0915750915750916,NA,NA,0.108695652173913,0.928571428571429,0.461596374639853,32.04394,-81.0663,"low","low",0.000341923240473965
"167","635 Fairview Cir, Hinesville, GA 31313",225700,3,3,1973,NA,NA,NA,300,0.140056022408964,0.5,0.75,0.912739965095986,NA,NA,NA,0.5,0.632547993019197,31.82976,-81.6251,"high","high",0.000280260519724943
"168","1405 E 32nd St, Savannah, GA 31404",165000,3,1,1222,NA,59,0.14,0,0.888888888888889,0.5,0.25,0.132275132275132,NA,NA,0.108695652173913,0.928571428571429,0.46899638203986,32.05483,-81.07638,"med","med",0.000284240231539309
"169","208 Cumming St, Savannah, GA 31415",70000,2,1,860,23,51,NA,NA,0.964285714285714,0.25,0.25,0.0675675675675675,0.634920634920635,0.684931506849315,NA,NA,0.42711515681183,32.08308,-81.11572,"low","low",0.000610164509731186
"170","8524 Vining Way, Savannah, GA 31406",185000,3,1,1154,NA,53,0.21,0,0.8,0.5,0.25,0.112107623318386,NA,NA,0.128205128205128,0.928571428571429,0.467103150959653,31.9923,-81.10843,"med","low",0.000252488189707921
"171","104 W 76th St, Savannah, GA 31405",125000,2,1,850,NA,51,0.15,0,0.941176470588235,0.25,0.25,0.0666666666666667,NA,NA,0.111111111111111,0.928571428571429,0.389105339105339,32.02559,-81.11425,"low","low",0.000311284271284271
"172","2028 E 42nd St, Savannah, GA 31404",140000,3,2,1144,NA,58,0.14,0,0.928571428571429,0.5,0.5,0.109649122807018,NA,NA,0.108695652173913,0.928571428571429,0.510337107591112,32.04378,-81.06575,"low","med",0.000364526505422223
"173","1014 Carroll St, Savannah, GA 31415",108000,3,1,1380,22,50,0.12,0,0.950980392156863,0.5,0.25,0.227272727272727,0.650793650793651,0.698630136986301,0.104166666666667,0.928571428571429,0.55797174561444,32.07062,-81.12575,"low","med",0.000516640505198555
"174","234 Caribbean Village Dr, Guyton, GA 31312",234990,3,2,1343,46,62,NA,700,0.111135807957324,0.5,0.5,0.194552529182879,0.26984126984127,0.36986301369863,NA,0.0555555555555556,0.308513285029023,32.19017,-81.27528,"high","low",0.000131287835664932
"175","744 Fairview Cir, Hinesville, GA 31313",205800,3,3,1703,NA,NA,NA,300,0.316455696202532,0.5,0.75,0.834983498349835,NA,NA,NA,0.5,0.616996699669967,31.80199,-81.6519,"high","high",0.000299804032881422
"176","2308 New York Ave, Savannah, GA 31404",175000,3,2,1287,NA,62,0.12,0,0.857142857142857,0.5,0.5,0.159744408945687,NA,NA,0.104166666666667,0.928571428571429,0.519033615479302,32.05185,-81.05606,"med","med",0.000296590637416744
"177","1506 E Henry St, Savannah, GA 31404",151900,3,3,1504,NA,56,0.02,0,0.91394148020654,0.5,0.75,0.519230769230769,NA,NA,0.0862068965517241,0.928571428571429,0.628216610975232,32.05717,-81.0744,"low","high",0.000413572489121285
"178","2402 Alabama Ave, Savannah, GA 31404",125000,2,1,828,NA,62,0.18,0,0.941176470588235,0.25,0.25,0.0647668393782384,NA,NA,0.119047619047619,0.928571428571429,0.389481416683489,32.05096,-81.05506,"low","low",0.000311585133346791
"179","803 W 50th St, Savannah, GA 31405",83000,3,1,1136,NA,52,0.1,0,0.960629921259843,0.5,0.25,0.107758620689655,NA,NA,0.1,0.928571428571429,0.463748320644872,32.04969,-81.11405,"low","low",0.000558732916439605
"180","1920 Utah St, Savannah, GA 31404",179900,2,1,827,NA,59,0.14,0,0.833887043189369,0.25,0.25,0.0646830530401035,NA,NA,0.108695652173913,0.928571428571429,0.388525094906219,32.06692,-81.05978,"med","low",0.000215967256757209
"181","2304 New York Ave, Savannah, GA 31404",125000,2,1,792,NA,62,0.12,0,0.941176470588235,0.25,0.25,0.0618811881188119,NA,NA,0.104166666666667,0.928571428571429,0.387603938965325,32.05191,-81.0564,"low","low",0.00031008315117226
"182","39 Grove Park Dr #6, Richmond Hill, GA 31324",248900,3,3,1749,NA,NA,NA,1200,0.0848896434634974,0.5,0.75,0.856733524355301,NA,NA,NA,0.0263157894736842,0.479241441713165,31.86018,-81.20143,"high","med",0.000192543769270054
"183","12 Spring Lake Cir, Pt Wentworth, GA 31407",190000,3,2,1355,40,53,NA,532,0.75,0.5,0.5,0.204081632653061,0.365079365079365,0.452054794520548,NA,0.0886524822695036,0.35238838564669,32.17377,-81.24406,"med","low",0.000185467571392995
"184","718 Westridge Ct, Hinesville, GA 31313",115000,3,2,1120,NA,12,0.45,0,0.947368421052632,0.5,0.5,0.104166666666667,NA,NA,0.333333333333333,0.928571428571429,0.529761904761905,31.81651,-81.61809,"low","med",0.000460662525879917
"185","933 Greenbriar Trl, Hinesville, GA 31313",140000,3,2,1330,56,12,0.18,0,0.928571428571429,0.5,0.5,0.185185185185185,0.111111111111111,0.232876712328767,0.119047619047619,0.928571428571429,0.384344825364612,31.81855,-81.60672,"low","low",0.00027453201811758
"186","200 Lindsey Dr, Richmond Hill, GA 31324",179900,3,2,1126,41,32,0.57,0,0.833887043189369,0.5,0.5,0.105485232067511,0.349206349206349,0.438356164383562,0.705882352941176,0.928571428571429,0.495247832931476,31.92223,-81.38298,"med","med",0.000275290624197596
"187","501 Amsonia Cir, Guyton, GA 31312",210000,3,2,1505,44,59,NA,700,0.25,0.5,0.5,0.523809523809524,0.301587301587302,0.397260273972603,NA,0.0555555555555556,0.359553867208984,32.19006,-81.27557,"high","low",0.000171216127242373
"188","7015 State Highway 17 S, Bloomingdale, GA 31302",225000,3,1,1176,39,51,1.25,0,0.142857142857143,0.5,0.25,0.117924528301887,0.380952380952381,0.465753424657534,0.941176470588235,0.928571428571429,0.493544978371579,32.14992,-81.34132,"high","med",0.000219353323720702
"189","196 Gloucester Dr, Midway, GA 31320",174900,4,2,1956,42,20,NA,NA,0.857549857549858,0.75,0.5,0.910071942446043,0.333333333333333,0.424657534246575,NA,NA,0.548389272926082,31.79743,-81.43756,"med","med",0.000313544467081808
"190","196 Gloucester Dr, Midway, GA 31320",174900,4,2,1956,42,20,NA,NA,0.857549857549858,0.75,0.5,0.910071942446043,0.333333333333333,0.424657534246575,NA,NA,0.548389272926082,31.79743,-81.43756,"med","med",0.000313544467081808
"191","1016 Farr Ct, Hinesville, GA 31313",135500,4,2,1400,57,13,NA,NA,0.932885906040268,0.75,0.5,0.25,0.0952380952380953,0.219178082191781,NA,NA,0.342034759109123,31.81435,-81.60682,"low","low",0.000252424176464297
"192","169 Oak Harvest Rdg, Midway, GA 31320",180000,3,2,1348,42,30,NA,300,0.833333333333333,0.5,0.5,0.198412698412698,0.333333333333333,0.424657534246575,NA,0.5,0.412007725464615,31.84439,-81.38906,"med","low",0.000228893180813675
"193","910 Kings Rd, Hinesville, GA 31313",210000,3,3,2296,53,9,0.81,0,0.25,0.5,0.75,0.944196428571429,0.158730158730159,0.273972602739726,0.878048780487805,0.928571428571429,0.556055242582487,31.86552,-81.58612,"high","med",0.000264788210753565
"194","1209 Cypress Fall Cir, Hinesville, GA 31313",184500,3,3,1447,51,8,NA,300,0.803921568627451,0.5,0.75,0.326797385620915,0.19047619047619,0.301369863013699,NA,0.5,0.401153477775746,31.83599,-81.6322,"med","low",0.000217427359228047
"195","124 Austin Way, Savannah, GA 31419",235000,4,2,1695,24,40,NA,478,0.111111111111111,0.75,0.5,0.830508474576271,0.619047619047619,0.671232876712329,NA,0.109649122807018,0.572344319053003,31.97707,-81.25856,"high","med",0.000243550774065108
"196","80 Joshua Cir, Ellabell, GA 31308",163000,3,2,1309,41,36,NA,150,0.893617021276596,0.5,0.5,0.171821305841924,0.349206349206349,0.438356164383562,NA,0.875,0.481208029509408,32.12495,-81.50522,"med","med",0.000295219650005772
"197","1314 Dieter St, Savannah, GA 31404",128900,2,3,1056,NA,56,0.01,0,0.938347718865598,0.25,0.75,0.0919117647058824,NA,NA,0.0847457627118644,0.928571428571429,0.482207597985265,32.05737,-81.07437,"low","med",0.000374094335132091
"198","2118 New Mexico St, Savannah, GA 31404",135000,3,1,1007,NA,59,0.14,0,0.933333333333333,0.5,0.25,0.0843170320404722,NA,NA,0.108695652173913,0.928571428571429,0.46027672745174,32.06711,-81.05397,"low","low",0.000340945724038326
"199","1308 Dieter St, Savannah, GA 31404",128900,2,3,1056,NA,56,0.01,0,0.938347718865598,0.25,0.75,0.0919117647058824,NA,NA,0.0847457627118644,0.928571428571429,0.482207597985265,32.05755,-81.07431,"low","med",0.000374094335132091
"200","2219 Bartlett Dr, Savannah, GA 31404",145000,3,1,1292,NA,59,0.17,0,0.923076923076923,0.5,0.25,0.162337662337662,NA,NA,0.116279069767442,0.928571428571429,0.475151698196096,32.02719,-81.06371,"low","med",0.000327690826342135
"201","1317 E 57th St, Savannah, GA 31404",120000,2,1,792,NA,56,0.12,0,0.944444444444444,0.25,0.25,0.0618811881188119,NA,NA,0.104166666666667,0.928571428571429,0.387603938965325,32.03657,-81.08595,"low","low",0.000323003282471104
"202","2226 New York Ave, Savannah, GA 31404",179900,2,1,1121,NA,NA,0.14,0,0.833887043189369,0.25,0.25,0.104384133611691,NA,NA,0.108695652173913,0.928571428571429,0.395743473191962,32.05207,-81.05737,"med","low",0.000219979696048895
"203","256 Cumming St, Savannah, GA 31415",75000,2,1,875,23,51,NA,NA,0.962962962962963,0.25,0.25,0.0689655172413793,0.634920634920635,0.684931506849315,NA,NA,0.427314863908089,32.08168,-81.11621,"low","low",0.000569753151877452
"204","1304 Dieter St, Savannah, GA 31404",126900,2,3,1056,NA,56,0.01,0,0.939831528279182,0.25,0.75,0.0919117647058824,NA,NA,0.0847457627118644,0.928571428571429,0.482207597985265,32.05763,-81.07428,"low","med",0.000379990226938743
"205","1303 Stubbs St, Savannah, GA 31404",128900,2,3,1056,NA,56,0.01,0,0.938347718865598,0.25,0.75,0.0919117647058824,NA,NA,0.0847457627118644,0.928571428571429,0.482207597985265,32.05749,-81.07394,"low","med",0.000374094335132091
"206","1504 E Henry St, Savannah, GA 31404",151900,3,3,1504,NA,56,0.02,0,0.91394148020654,0.5,0.75,0.519230769230769,NA,NA,0.0862068965517241,0.928571428571429,0.628216610975232,32.05718,-81.07445,"low","high",0.000413572489121285
"207","1312 Dieter St, Savannah, GA 31404",126900,2,3,1056,NA,56,0.01,0,0.939831528279182,0.25,0.75,0.0919117647058824,NA,NA,0.0847457627118644,0.928571428571429,0.482207597985265,32.05741,-81.07436,"low","med",0.000379990226938743
"208","711 W 46th St, Savannah, GA 31405",135000,2,1,851,NA,52,0.07,0,0.933333333333333,0.25,0.25,0.0667556742323098,NA,NA,0.0943396226415094,0.928571428571429,0.387596841529129,32.05242,-81.11187,"low","low",0.000287108771503058
"209","1310 Dieter St, Savannah, GA 31404",128900,2,3,1056,NA,56,0.01,0,0.938347718865598,0.25,0.75,0.0919117647058824,NA,NA,0.0847457627118644,0.928571428571429,0.482207597985265,32.05745,-81.07434,"low","med",0.000374094335132091
"210","1306 Dieter St, Savannah, GA 31404",126900,2,3,1056,NA,56,0.01,0,0.939831528279182,0.25,0.75,0.0919117647058824,NA,NA,0.0847457627118644,0.928571428571429,0.482207597985265,32.05759,-81.07429,"low","med",0.000379990226938743
